"","x"
"1","Gr1 Muus 1000-2 pcrit 7-27-21 B.txt"
"2","Gr1 Muus 1000-2 pcrit 7-27-21.txt"
"3","Gr1 Muus 1800-2 pcrit 25 ml jar 7-29-21 ch2 blank.txt"
"4","Gr1 Muus 1800-2 pcrit 7-28-21.txt"
"5","GR1 Muus 1800-2 pcrit day7 8-3-21.txt"
"6","GR1 Muus1000 7day-7-26-21.txt"
"7","GR1 Muus1000 pcrit 7-21-21.txt"
"8","GR1 Muus1800 7day-pcrit 7-20-21.txt"
"9","GR1 Muus1800 pcrit 7-13-21.txt"
"10","gr2muus1800 7day pcrit 7-20-21.txt"
"11","gr2muus1800-2 pcrit 7-28-21.txt"
"12","gr2muus1800-2 pcrit day7 8-3-21.txt"
"13","gr2muus1800-2 pcrit in 25 ml jar 7-29-21 ch2 is blank.txt"
"14","Gr3 Muus 1000 pcrit 7-21-21.txt"
"15","gr3 muus 1800 7day Pcrit 7-20-21.txt"
"16","gr3 muus 1800 pcrit 7-13-21.txt"
"17","Gr3 Muus 1800-2 pcrit 07-28-21.txt"
"18","Gr3 Muus 1800-2 pcrit 08-03-21.txt"
"19","Gr3 Muus1000-2 7 day pcrit 7-27-21.txt"
"20","GR4MUUS1000-2Pcrit-7-26-21-ch1.txt"
"21","GR4MUUS1000Pcrit-7-21-21-ch1.txt"
"22","GR4MUUS1800-2-7dayPcrit-8-3-21-ch1.txt"
"23","GR4MUUS1800-2Pcrit-7-28-21-ch1.txt"
"24","GR4MUUS1800-7dayPcrit-7-20-21-ch1.txt"
"25","GR4MUUS1800Pcrit-7-13-21-ch1.txt"
"26","tbocto 1000 pcrit tank 1 and 2 day 7 8-19-21.txt"
"27","tbocto 1000 pcrit tank 3 and 4 8-11-21-ch1.txt"
"28","tbocto 1000 pcrit tank 3 and 4 day 7 8-19-21-ch1.txt"
"29","Tbocto 1000 pcrti tank 1 and 2 8-11-21.txt"
"30","gr2muus1000 pcrit 7-21-21.txt"
"31","gr2muus1000-2 pcrit 7-26-21.txt"
"32","gr2MUUS1800-2pcritday7.8-3-21.txt"
"33","tbocto 1800 pcrit day 7 tank 10 blank ch 3 4 8-20-21-ch1.txt"
